<?xml version="1.0" encoding="UTF-8"?>
<!DOCTYPE mapper PUBLIC "-//mybatis.org//DTD Mapper 3.0//EN" "http://mybatis.org/dtd/mybatis-3-mapper.dtd">


<mapper namespace="com.wms.mapper.ItemMapper">

    <!-- 通用查询映射结果 -->
    <resultMap id="BaseResultMap" type="com.wms.entity.Item">
        <id column="id" property="id" />
        <id column="id_num" property="id_num" />
        <id column="item_name" property="item_name" />
        <result column="supplier" property="supplier" />
        <result column="create_by" property="create_by" />
        <result column="update_by" property="update_by" />
        <result column="create_time" property="create_time" />
        <result column="update_time" property="update_time" />
    </resultMap>

    <!-- 通用查询结果列 -->
    <sql id="Base_Column_List">
        id, id_num, item_name, supplier, create_by,update_by,create_time,update_time
    </sql>


    <select id="pageCC" resultType="com.wms.entity.Item">
        select * from wms_item ${ew.customSqlSegment}
    </select>
</mapper>
