<?xml version="1.0" encoding="UTF-8"?>
<!DOCTYPE mapper PUBLIC "-//mybatis.org//DTD Mapper 3.0//EN" "http://mybatis.org/dtd/mybatis-3-mapper.dtd">


<mapper namespace="com.wms.mapper.SupplierMapper">

    <!-- 通用查询映射结果 -->
    <resultMap id="BaseResultMap" type="com.wms.entity.Supplier">
        <id column="id" property="id" />
        <result column="supplier_name" property="supplier_name" />
        <result column="create_by" property="create_by" />
        <result column="update_by" property="update_by" />
        <result column="create_time" property="create_time" />
        <result column="update_time" property="update_time" />
    </resultMap>

    <!-- 通用查询结果列 -->
    <sql id="Base_Column_List">
        id, supplier_name,create_by,update_by,create_time,update_time
    </sql>


    <select id="pageCC" resultType="com.wms.entity.Supplier">
        select * from wms_supplier ${ew.customSqlSegment}
    </select>
</mapper>
